{
  "Adaigaon": 3500000.0,
  "Agripada": 55208196.72131147,
  "Airoli": 12608034.129692832,
  "Ambarnath": 3020230.769230769,
  "Ambernath East": 3402527.419354839,
  "Ambernath West": 3429517.7993527506,
  "Ambivali": 3426428.5714285714,
  "Andheri East": 20379115.313653138,
  "Andheri West": 32683900.6514658,
  "Anjurdive": 7307833.333333333,
  "Antop Hill": 28000000.0,
  "Asangaon": 1825000.0,
  "Ashok nagar": 25000000.0,
  "Babulnath Road": 142666666.66666666,
  "Badlapur": 3033333.3333333335,
  "Badlapur East": 2942237.051792829,
  "Badlapur West": 2550739.8119122256,
  "Bandra": 106000000.0,
  "Bandra East": 45811061.06870229,
  "Bandra Kurla Complex": 68269444.44444445,
  "Bandra West": 79010480.34934498,
  "Belapur": 21793939.393939395,
  "Bhandup East": 6608620.689655173,
  "Bhandup West": 12987826.619964974,
  "Bhayandar East": 8749535.398230089,
  "Bhayandar West": 9706980.952380951,
  "Bhiwandi": 4799148.867313916,
  "Bhoiwada": 4000000.0,
  "Boisar": 2495062.8571428573,
  "Borivali": 26157142.85714286,
  "Borivali East": 17597018.251681075,
  "Borivali West": 21139580.022701476,
  "Byculla": 53684415.584415585,
  "Chandivali": 11000000.0,
  "Chembur": 22771506.83994528,
  "Chembur East": 22000000.0,
  "Churchgate": 82500000.0,
  "Colaba": 47181481.481481485,
  "Cuffe Parade": 41555555.55555555,
  "Dadar East": 58185585.58558559,
  "Dadar West": 47804123.711340204,
  "Dahisar": 11635774.666666666,
  "Dahisar East": 10380000.0,
  "Dahisar West": 9588888.888888888,
  "Deonar": 37139672.4137931,
  "Dharavi": 5933333.333333333,
  "Diva": 3706437.5,
  "Dombivali": 5604339.362051956,
  "Dombivali East": 4761904.761904762,
  "Dombivli (West)": 1633333.3333333333,
  "Dronagiri": 5447472.527472528,
  "Fort": 23140000.0,
  "GTB Nagar": 9500000.0,
  "Gandhar Nagar": 4000000.0,
  "Gauripada": 3500000.0,
  "Ghansoli": 15697959.239130436,
  "Ghatkopar East": 17210193.370165747,
  "Ghatkopar West": 20205494.505494505,
  "Ghodbunder Road": 63000000.0,
  "Girgaon": 25571794.871794872,
  "Goregaon": 9100000.0,
  "Goregaon East": 20699646.774193548,
  "Goregaon West": 21569606.728538282,
  "Govandi": 36750000.0,
  "Greater Khanda": 6500000.0,
  "Hindu Colony": 32000000.0,
  "Hiranandani Estates": 11675000.0,
  "Jogeshwari East": 16261144.578313254,
  "Jogeshwari West": 15978201.814058958,
  "Juhu": 102650000.0,
  "Juhu Scheme": 47500000.0,
  "Juinagar": 28266666.666666668,
  "Kalamboli": 7390133.0275229355,
  "Kalher": 1933333.3333333333,
  "Kalwa": 5766666.666666667,
  "Kalyan East": 4687839.285714285,
  "Kalyan West": 6402922.8650137745,
  "Kamathipura": 37000000.0,
  "Kamothe": 7547723.747980614,
  "Kandivali East": 17455409.657320872,
  "Kandivali West": 17107366.022099447,
  "Kanjurmarg": 17816482.73273273,
  "Kanjurmarg East": 15220000.0,
  "Karanjade": 5355484.693877551,
  "Karjat": 2361412.2807017546,
  "Kasheli": 2521000.0,
  "Kewale": 3333666.6666666665,
  "Khanda Colony": 4453000.0,
  "Khar": 62284402.597402595,
  "Khar West": 72375000.0,
  "Khardi": 11375000.0,
  "Kharghar": 13656184.589331076,
  "Khatiwali": 900000.0,
  "Khopoli": 4528625.0,
  "Koper Khairane": 14086881.11888112,
  "Koproli": 3820300.0,
  "Kurla": 11970480.938416421,
  "Kurla East": 13333333.333333334,
  "Kurla West": 11299999.999999998,
  "L I C Colony": 7000000.0,
  "Lower Parel": 81394664.63414635,
  "MATUNGA WEST": 15750000.0,
  "Mahalaxmi": 75064615.38461539,
  "Mahavir Nagar": 32666666.666666668,
  "Mahim": 40858305.084745765,
  "Mahim West": 67250000.0,
  "Malabar Hill": 275000000.0,
  "Malad East": 19433772.413793102,
  "Malad West": 19956212.144504227,
  "Maneklal Estate": 6200000.0,
  "Manjarli": 2250000.0,
  "Manpada": 20881250.0,
  "Marine Lines": 70497674.41860466,
  "Matunga": 40614767.44186047,
  "Mazagaon": 28736734.69387755,
  "Mazgaon": 43781250.0,
  "Mira Road": 7800000.0,
  "Mira Road East": 8141247.727731772,
  "Mulund": 12250000.0,
  "Mulund East": 19871949.541284405,
  "Mulund West": 20929363.040629096,
  "Mumbai Central": 44333333.333333336,
  "Mumbra": 1950000.0,
  "Nahur East": 20871428.57142857,
  "Naigaon East": 3839120.4250295158,
  "Nala Sopara": 3149244.648318043,
  "Nalasopara East": 3056666.6666666665,
  "Nalasopara West": 3299000.0,
  "Napeansea Road": 177000000.0,
  "Naupada": 30083333.333333332,
  "Navade": 4079600.0,
  "Neral": 2955204.724409449,
  "Nerul": 32074340.90909091,
  "Nilje Gaon": 5062814.814814814,
  "Owale": 13133000.0,
  "Palava": 4941875.0,
  "Palghar": 2270429.4478527606,
  "Pali Hill": 47500000.0,
  "Palidevad": 4700000.0,
  "Panch Pakhdi": 15450000.0,
  "Panvel": 8573558.344640434,
  "Parel": 48170202.02020202,
  "Patlipada": 29023529.411764707,
  "Peddar Road": 206250000.0,
  "Pen": 2500000.0,
  "Pestom Sagar Colony": 11000000.0,
  "Police Colony": 16000000.0,
  "Powai": 30485904.090267982,
  "Prabhadevi": 94981132.0754717,
  "Rabale": 6843750.0,
  "Rambaug": 8000000.0,
  "Rasayani": 2837603.1746031744,
  "Roadpali": 6200000.0,
  "Sanpada": 19423118.942731276,
  "Santacruz East": 22992447.795823667,
  "Santacruz West": 73965555.55555555,
  "Saphale": 2070166.6666666667,
  "Seawoods": 24787389.684813753,
  "Sector 11 Koparkhairane": 13500000.0,
  "Sector 12 Kharghar": 18666666.666666668,
  "Sector 14 Vashi": 9000000.0,
  "Sector 17 Ulwe": 6750000.0,
  "Sector 18 Kharghar": 2700000.0,
  "Sector 19 Kamothe": 8440000.0,
  "Sector 19 Kharghar": 16500000.0,
  "Sector 20 Kamothe": 5750000.0,
  "Sector 20 Ulwe": 5000000.0,
  "Sector 21 Kamothe": 11631250.0,
  "Sector 21 Kharghar": 12800000.0,
  "Sector 21 Nerul": 29000000.0,
  "Sector 22 Kamothe": 5550000.0,
  "Sector 23 Ulwe": 4750000.0,
  "Sector 30 Kharghar": 4600000.0,
  "Sector 6 Kamothe": 6000000.0,
  "Sector 7 Kharghar": 13000000.0,
  "Sector 8 New panvel": 3500000.0,
  "Sector 9 Vashi": 13000000.0,
  "Sector-12 Kamothe": 5700000.0,
  "Sector-14 Koparkhairane": 17500000.0,
  "Sector-3 Ulwe": 3600000.0,
  "Sector-35D Kharghar": 5500000.0,
  "Sector-4 New Panvel": 7200000.0,
  "Sector-50 Seawoods": 7700000.0,
  "Sector-9 Kamothe": 5100000.0,
  "Sector-9 Ulwe": 8350000.0,
  "Sewri": 28428571.42857143,
  "Shahapur": 4551571.428571428,
  "Shelu": 11500000.0,
  "Shil Phata": 5388314.814814814,
  "Sion": 25307964.601769913,
  "Taloja": 4652057.823129252,
  "Taloje": 4060555.5555555555,
  "Tardeo": 96073913.04347827,
  "Thane East": 11749086.206896551,
  "Thane West": 19817330.239440408,
  "Tilak Nagar": 16066666.666666666,
  "Titwala": 3236875.0,
  "Ulhasnagar": 7359794.871794872,
  "Ulwe": 7936536.016949153,
  "Umroli": 1507760.0,
  "Unnat Nagar": 7500000.0,
  "Uran": 3400000.0,
  "Usarghar Gaon": 3050000.0,
  "Uttan": 10000000.0,
  "Vangani": 2662615.3846153845,
  "Vasai": 5005507.614213198,
  "Vasai West": 3600000.0,
  "Vasai east": 3950000.0,
  "Vashi": 22208333.333333332,
  "Vasind": 2389600.0,
  "Versova": 1250000.0,
  "Vevoor": 1400000.0,
  "Vichumbe": 4358333.333333333,
  "Vikhroli": 13657199.182839632,
  "Vikroli East": 10525000.0,
  "Ville Parle East": 30328813.559322033,
  "Ville Parle West": 39190243.90243903,
  "Virar": 4149549.775208735,
  "Virar East": 2531666.6666666665,
  "Virar West": 4552000.0,
  "Wadala": 34781672.39404353,
  "Warai": 3300000.0,
  "Worli": 107234648.40182649,
  "kandivali": 30750000.0,
  "kasaradavali thane west": 6338777.777777778,
  "mumbai": 2999000.0,
  "sector": 15000000.0,
  "vile parle west": 10500000.0
}